"Stick to the Models","Future","Future Hndrxx Presents: The WIZRD","FUTURE / HNDRXXðŸ©¸","Playlist","USSM11900031","0F7FlaQBiyNkV8iakTocsW"
"Scholarships","Drake","What A Time To Be Alive","FUTURE / HNDRXXðŸ©¸","Playlist","USCM51500296","0B5OTb36fzLayn6XQHg5A1"
"Poppin' Tags","Future","FUTURE","FUTURE / HNDRXXðŸ©¸","Playlist","USSM11700594","6vbafkvao6NErZDTjh2sYC"
"Rotation","Future","DS2 (Deluxe)","FUTURE / HNDRXXðŸ©¸","Playlist","USSM11505582","0FA8Pw164j1qW4YEfpaVRy"
"Scrape","Future","FUTURE","FUTURE / HNDRXXðŸ©¸","Playlist","USSM11701447","0d9CyCAtOL3Txly9Jo02ra"
"Mask Off","Future","FUTURE","FUTURE / HNDRXXðŸ©¸","Playlist","USSM11701444","0VgkVdmE4gld66l8iyGjgx"
"In Her Mouth","Future","EVOL","FUTURE / HNDRXXðŸ©¸","Playlist","USSM11600549","3K0sVapHNSSeJ8o4DLHOJY"
"Faceshot","Future","Future Hndrxx Presents: The WIZRD","FUTURE / HNDRXXðŸ©¸","Playlist","USSM11900039","5R2pz8i4k4bvRAqiIFXzKz"
"Mad Luv","Future","Monster","FUTURE / HNDRXXðŸ©¸","Playlist","USSM11913495","5f4l6XBwP6fhOcXZw4Ne26"
"Blow a Bag","Future","DS2 (Deluxe)","FUTURE / HNDRXXðŸ©¸","Playlist","USSM11505584","6ycYqFnXnjMOwMvEMbEpUk"
"Slave Master","Future","DS2 (Deluxe)","FUTURE / HNDRXXðŸ©¸","Playlist","USSM11505583","7sGZDsOCYpvqkIv8eH4jOG"
"MASSAGING ME","Future","I NEVER LIKED YOU","FUTURE / HNDRXXðŸ©¸","Playlist","USSM12203791","5hs2urSRIvZbmcQwvxEtat"
"Hard To Choose One","Future","High Off Life","FUTURE / HNDRXXðŸ©¸","Playlist","USSM12002502","66z5CuZkqkb18VhFTRwbZk"
"X (feat. Future)","21 Savage","Savage Mode","FUTURE / HNDRXXðŸ©¸","Playlist","QZ45A1600041","6fwdbPMwP1zVStm8FybmkO"
"Hater Shit","Future","Purple Reign","FUTURE / HNDRXXðŸ©¸","Playlist","USSM12001865","05GDlYBejzsmn3diyYWpHW"
"Unicorn Purp (feat. Young Thug & Gunna)","Future","Future Hndrxx Presents: The WIZRD","FUTURE / HNDRXXðŸ©¸","Playlist","USSM11900036","2U3LJfQB0ALLxC7Yy0QW7l"
"All Shooters","Future","Zone","FUTURE / HNDRXXðŸ©¸","Playlist","FR5R00906657","2bWzeOO5TD5MS0QtZZDavS"
"Check On Me","Future","Zone","FUTURE / HNDRXXðŸ©¸","Playlist","FR5R00906660","0QohT2QOr9MzABER7DCDN4"
"Thought It Was a Drought","Future","DS2 (Deluxe)","FUTURE / HNDRXXðŸ©¸","Playlist","USSM11505575","5ihDGnhQgMA0F0tk9fNLlA"
"Right Now","Uncle Murda","Right Now","FUTURE / HNDRXXðŸ©¸","Playlist","USUYG1078770","4HlAvozp3RtE0m56ljHSEZ"
"U Sellin Dope (with Future)","Lil Double 0","Walk Down Gang (Deluxe)","FUTURE / HNDRXXðŸ©¸","Playlist","QZNMX2174309","5DaWGsa08pkOeskOtR3hVc"
"Xanny Family","Future","EVOL","FUTURE / HNDRXXðŸ©¸","Playlist","USSM11600551","0BzDQgmeRdA4V71VhfBvXT"
"Three","Future","SUPER SLIMEY","FUTURE / HNDRXXðŸ©¸","Playlist","USSM11709197","4W598w0KcHVG5Nwqk0qMpj"
"Hard To Handle","Young Scooter","Hard To Handle","FUTURE / HNDRXXðŸ©¸","Playlist","USUYG1500727","5Wv4g4QWO3ArPnbyP5Z6Mx"
"Jump Out the Face (feat. Future)","Meek Mill","Dreams Worth More Than Money","FUTURE / HNDRXXðŸ©¸","Playlist","USAT21501571","17AS0y6FnHdYImAPUydAJg"
"Streets Made Me A King","Future","WE STILL DON'T TRUST YOU","FUTURE / HNDRXXðŸ©¸","Playlist","USSM12403212","4Orf7Hvci6SZrPIoUjGuFY"
"Crossed Out","Future","WE STILL DON'T TRUST YOU","FUTURE / HNDRXXðŸ©¸","Playlist","USSM12403109","3CWXBLm0HSyJQIoTCFM12e"
"Crazy Clientele","Future","WE STILL DON'T TRUST YOU","FUTURE / HNDRXXðŸ©¸","Playlist","USSM12403207","3GlQVf7QbQv1bro2mPL3K4"
"I Can't Save You (Interlude) [with Future & feat. Don Toliver]","Metro Boomin","HEROES & VILLAINS","FUTURE / HNDRXXðŸ©¸","Playlist","USUG12208790","2N9LEu6Pf8nDcp3GjWJT1Z"
"GTA","Future","WE DON'T TRUST YOU","FUTURE / HNDRXXðŸ©¸","Playlist","USSM12402044","4XF9fk0STp9hx8xn5Suwpz"
"Fly Shit Only","Future","EVOL","FUTURE / HNDRXXðŸ©¸","Playlist","USSM11600558","1ANYHWUz5NqPu2EBALGK9Z"
"MJ","Future","MIXTAPE PLUTO","FUTURE / HNDRXXðŸ©¸","Playlist","USSM12406734","1zdVrr3f0eUorO9bkdZ58N"